
INSERT INTO paqpremium (peso, zona1, zona2, zona3, zona3_plus, zona4, zona5, zona6, zona7, oficina_zona1, oficina_zona2, oficina_zona3, oficina_zona3_plus, oficina_zona4, oficina_zona5, oficina_zona6) VALUES
('Hasta 1 Kg', 2.89, 3.05, 3.29, 3.29, 4.99, 9.36, 4.22, 6.66, 2.82, 2.95, 3.20, 3.20, 4.48, 8.82, 3.80),
('De 1 Kg a 2 Kg', 3.05, 3.20, 3.46, 3.65, 5.73, 10.28, 5.13, 6.98, 2.97, 3.10, 3.37, 3.37, 5.09, 9.70, 4.01),
('De 2 Kg a 3 Kg', 3.25, 3.41, 3.77, 4.01, 6.87, 11.89, 5.48, 7.45, 3.18, 3.30, 3.59, 3.59, 6.11, 11.20, 4.27),
('De 3 Kg a 4 Kg', 3.43, 3.56, 4.07, 4.35, 7.44, 12.94, 5.71, 7.79, 3.34, 3.44, 3.75, 3.75, 6.56, 12.21, 4.46),
('De 4 Kg a 5 Kg', 3.53, 3.66, 4.23, 4.54, 8.02, 13.95, 5.88, 8.01, 3.45, 3.54, 3.86, 3.86, 7.07, 13.16, 4.59),
('De 5 Kg a 10 Kg', 4.64, 4.69, 5.27, 5.69, 10.90, 19.56, 7.55, 10.27, 4.53, 4.53, 4.95, 4.95, 9.60, 18.44, 5.89),
('De 10 Kg a 15 Kg', 6.17, 6.25, 6.74, 7.34, 14.22, 29.71, 9.66, 13.18, 5.79, 5.84, 6.34, 6.34, 12.42, 28.01, 7.54),
('Kg adicional', 0.22, 0.24, 0.30, 0.30, 1.11, 2.10, 0.30, 0.38, 0.21, 0.23, 0.28, 0.28, 1.06, 2.01, 0.28);

INSERT INTO paqestandar (peso, zona1, zona2, zona3, zona3_plus, zona4, zona5, zona6, zona7, oficina_zona1, oficina_zona2, oficina_zona3, oficina_zona3_plus, oficina_zona4, oficina_zona5, oficina_zona6) VALUES
('Hasta 1 Kg', 2.72, 2.88, 3.10, 3.10, 4.71, 8.83, 3.98, 6.28, 2.63, 2.80, 3.00, 3.00, 3.96, 7.50, 3.59),
('De 1 Kg a 2 Kg', 2.87, 3.02, 3.26, 3.44, 5.40, 9.70, 4.84, 6.59, 2.78, 2.95, 3.16, 3.16, 4.54, 8.23, 3.77),
('De 2 Kg a 3 Kg', 3.07, 3.21, 3.55, 3.78, 6.48, 11.21, 5.17, 7.03, 2.96, 3.13, 3.37, 3.37, 5.45, 9.52, 4.03),
('De 3 Kg a 4 Kg', 3.23, 3.36, 3.84, 4.11, 7.02, 12.21, 5.39, 7.34, 3.12, 3.27, 3.52, 3.52, 5.90, 10.36, 4.20),
('De 4 Kg a 5 Kg', 3.34, 3.46, 3.99, 4.29, 7.57, 13.16, 5.55, 7.56, 3.22, 3.37, 3.62, 3.62, 6.37, 11.17, 4.33),
('De 5 Kg a 10 Kg', 4.37, 4.42, 4.98, 5.36, 10.28, 18.46, 7.13, 9.69, 4.23, 4.31, 4.65, 4.65, 8.64, 15.66, 5.56),
('De 10 Kg a 15 Kg', 5.61, 5.70, 6.36, 6.92, 13.41, 28.03, 9.11, 12.44, 5.42, 5.56, 5.94, 5.94, 11.28, 23.79, 7.10),
('Kg adicional', 0.22, 0.24, 0.29, 0.29, 0.87, 2.05, 0.29, 0.37, 0.20, 0.22, 0.27, 0.27, 0.80, 1.89, 0.27);

INSERT INTO paqligero (peso, zona1, zona2, zona3, zona3_plus, zona4, zona5, zona6) VALUES
('Hasta 50 g', 2.39, 2.59, 2.65, 2.65, 3.38, 5.81, 2.65),
('De 51 a 100 g', 2.39, 2.59, 2.65, 2.65, 3.38, 5.81, 2.65),
('De 101 a 250 g', 2.39, 2.59, 2.65, 2.65, 3.38, 5.81, 2.65),
('De 251 g a 500 g', 2.62, 2.86, 2.93, 2.93, 3.74, 6.42, 2.93),
('De 501 a 1000 g', 2.97, 3.23, 3.31, 3.31, 4.23, 7.26, 3.31),
('De 1001 a 2000 g', 3.13, 3.39, 3.49, 3.49, 4.84, 7.49, 3.49);

INSERT INTO devolucion_paqueteria (peso, zona1, zona2, zona3, zona3_plus, zona4, zona5, zona6, zona7) VALUES
('Hasta 1 Kg', 2.63, 2.80, 3.00, 3.00, 3.96, 7.50, 3.59, 6.28),
('De 1 Kg a 2 Kg', 2.78, 2.95, 3.16, 3.16, 4.54, 8.23, 3.77, 6.59),
('De 2 Kg a 3 Kg', 2.96, 3.13, 3.37, 3.37, 5.45, 9.52, 4.03, 7.03),
('De 3 Kg a 4 Kg', 3.12, 3.27, 3.52, 3.52, 5.90, 10.36, 4.20, 7.34),
('De 4 Kg a 5 Kg', 3.22, 3.37, 3.62, 3.62, 6.37, 11.17, 4.33, 7.56),
('De 5 Kg a 10 Kg', 4.23, 4.31, 4.65, 4.65, 8.64, 15.66, 5.56, 9.69),
('De 10 Kg a 15 Kg', 5.63, 5.56, 5.94, 5.94, 11.28, 23.79, 7.10, 12.44),
('Kg adicional', 0.20, 0.22, 0.27, 0.27, 0.80, 1.89, 0.27, 0.37);